2,002250000	-8,004375000	0,000000000	-8,004375000	0,000000000	0,000004915
2,032000000	-7,975000000	0,000000000	-7,975312500	0,000000000	0,000004928
2,062000000	-7,945312500	0,000000000	-7,944375000	0,000000000	0,000004928
2,092000000	-7,915000000	0,000000000	-7,914375000	0,000000000	0,000004747
2,122250000	-7,884375000	0,000000000	-7,884062500	0,000000000	0,000004679
2,152250000	-7,855000000	0,000000000	-7,855312500	0,000000000	0,000004759
2,182500000	-7,825625000	0,000000000	-7,825312500	0,000000000	0,000004758
2,212250000	-7,795312500	0,000000000	-7,794375000	0,000000000	0,000004753
2,242500000	-7,765000000	0,000000000	-7,764062500	0,000000000	0,000004967
2,272000000	-7,734375000	0,000000000	-7,734375000	0,000000000	0,000004967
2,302000000	-7,704687500	0,000000000	-7,704687500	0,000000000	0,000005101
2,332000000	-7,675625000	0,000000000	-7,675937500	0,000000000	0,000004913
2,362000000	-7,645312500	0,000000000	-7,645000000	0,000000000	0,000004745
2,392000000	-7,614062500	0,000000000	-7,614375000	0,000000000	0,000004748
2,422000000	-7,584375000	0,000000000	-7,584062500	0,000000000	0,000004794
2,452250000	-7,555000000	0,000000000	-7,555000000	0,000000000	0,000004768
2,482000000	-7,525312500	0,000000000	-7,524687500	0,000000000	0,000004768
2,512000000	-7,495937500	0,000000000	-7,495312500	0,000000000	0,000004413
2,541750000	-7,465312500	0,000000000	-7,464375000	0,000000000	0,000004202
2,572250000	-7,434375000	0,000000000	-7,434062500	0,000000000	0,000004229
2,602250000	-7,404375000	0,000000000	-7,404375000	0,000000000	0,000004203
2,632250000	-7,375000000	0,000000000	-7,374687500	0,000000000	0,000004103
2,661750000	-7,345000000	0,000000000	-7,344375000	0,000000000	0,000003929
2,692000000	-7,315312500	0,000000000	-7,314375000	0,000000000	0,000003929
2,722250000	-7,284375000	0,000000000	-7,284062500	0,000000000	0,000003895
2,752000000	-7,254687500	0,000000000	-7,255000000	0,000000000	0,000004062
2,782000000	-7,225625000	0,000000000	-7,225937500	0,000000000	0,000004062
2,812500000	-7,198750000	0,000000000	-7,198437500	0,000000000	0,000004075
2,842250000	-7,165625000	0,000000000	-7,165625000	0,000000000	0,000003955
2,871750000	-7,134687500	0,000000000	-7,134375000	0,000000000	0,000003963
2,901750000	-7,104687500	0,000000000	-7,104687500	0,000000000	0,000003758
2,932250000	-7,075625000	0,000000000	-7,075625000	0,000000000	0,000003663
2,962250000	-7,045312500	0,000000000	-7,045312500	0,000000000	0,000003559
2,992250000	-7,015000000	0,000000000	-7,014687500	0,000000000	0,000003559
3,022500000	-6,983750000	0,000000000	-6,984062500	0,000000000	0,000003645
3,051750000	-6,955000000	0,000000000	-6,955000000	0,000000000	0,000003388
3,082250000	-6,925625000	0,000000000	-6,925312500	0,000000000	0,000003388
3,112000000	-6,895312500	0,000000000	-6,894375000	0,000000000	0,000003388
3,142250000	-6,865000000	0,000000000	-6,864062500	0,000000000	0,000003508
3,172750000	-6,834687500	0,000000000	-6,834062500	0,000000000	0,000003479
3,202250000	-6,804687500	0,000000000	-6,805000000	0,000000000	0,000003479
3,231750000	-6,775312500	0,000000000	-6,775000000	0,000000000	0,000003318
3,262500000	-6,745625000	0,000000000	-6,744375000	0,000000000	0,000003334
3,292000000	-6,715000000	0,000000000	-6,714062500	0,000000000	0,000003334
3,322000000	-6,685312500	0,000000000	-6,684375000	0,000000000	0,000003215
3,352500000	-6,654062500	0,000000000	-6,654687500	0,000000000	0,000003137
3,382500000	-6,625625000	0,000000000	-6,625000000	0,000000000	0,000003227
3,412750000	-6,595312500	0,000000000	-6,595000000	0,000000000	0,000003204
3,442750000	-6,565000000	0,000000000	-6,564375000	0,000000000	0,000003197
3,472750000	-6,534062500	0,000000000	-6,534062500	0,000000000	0,000003184
3,502500000	-6,504687500	0,000000000	-6,505000000	0,000000000	0,000003184
3,532000000	-6,475312500	0,000000000	-6,475000000	0,000000000	0,000003137
3,562250000	-6,445937500	0,000000000	-6,444687500	0,000000000	0,000002908
3,592750000	-6,415312500	0,000000000	-6,414375000	0,000000000	0,000002908
3,622500000	-6,384687500	0,000000000	-6,384062500	0,000000000	0,000002998
3,652000000	-6,355312500	0,000000000	-6,355312500	0,000000000	0,000002843
3,682000000	-6,324687500	0,000000000	-6,325000000	0,000000000	0,000002821
3,712000000	-6,295312500	0,000000000	-6,294062500	0,000000000	0,000002821
3,742000000	-6,265000000	0,000000000	-6,264062500	0,000000000	0,000002928
3,771750000	-6,234062500	0,000000000	-6,234062500	0,000000000	0,000002870
3,801750000	-6,205000000	0,000000000	-6,205312500	0,000000000	0,000002849
3,832250000	-6,175312500	0,000000000	-6,174687500	0,000000000	0,000002758
3,862500000	-6,145312500	0,000000000	-6,144687500	0,000000000	0,000002713
3,892000000	-6,115312500	0,000000000	-6,114687500	0,000000000	0,000002695
3,922000000	-6,084062500	0,000000000	-6,083750000	0,000000000	0,000002695
3,952250000	-6,054375000	0,000000000	-6,055000000	0,000000000	0,000002550
3,982500000	-6,024687500	0,000000000	-6,024687500	0,000000000	0,000002423
4,012500000	-5,995312500	0,000000000	-5,994687500	0,000000000	0,000002423
4,042500000	-5,965312500	0,000000000	-5,964687500	0,000000000	0,000002313
4,072000000	-5,934375000	0,000000000	-5,934062500	0,000000000	0,000002356
4,102250000	-5,904687500	0,000000000	-5,904687500	0,000000000	0,000002356
4,132000000	-5,874687500	0,000000000	-5,875312500	0,000000000	0,000002294
4,161750000	-5,845625000	0,000000000	-5,845312500	0,000000000	0,000002281
4,192000000	-5,815625000	0,000000000	-5,815000000	0,000000000	0,000002306
4,222500000	-5,784375000	0,000000000	-5,784687500	0,000000000	0,000002389
4,252000000	-5,754062500	0,000000000	-5,754375000	0,000000000	0,000002288
4,282000000	-5,725000000	0,000000000	-5,725625000	0,000000000	0,000002148
4,312250000	-5,695312500	0,000000000	-5,695000000	0,000000000	0,000002148
4,342250000	-5,665312500	0,000000000	-5,664375000	0,000000000	0,000002106
4,372250000	-5,634375000	0,000000000	-5,634375000	0,000000000	0,000002104
4,402250000	-5,604687500	0,000000000	-5,604687500	0,000000000	0,000001986
4,432000000	-5,575000000	0,000000000	-5,575312500	0,000000000	0,000001922
4,462250000	-5,545000000	0,000000000	-5,545000000	0,000000000	0,000001847
4,492250000	-5,515625000	0,000000000	-5,515000000	0,000000000	0,000001930
4,522000000	-5,484375000	0,000000000	-5,484687500	0,000000000	0,000001930
4,552250000	-5,454375000	0,000000000	-5,454687500	0,000000000	0,000001909
4,581750000	-5,425000000	0,000000000	-5,425312500	0,000000000	0,000001909
4,612000000	-5,395312500	0,000000000	-5,394687500	0,000000000	0,000001893
4,642000000	-5,365937500	0,000000000	-5,364687500	0,000000000	0,000001822
4,672000000	-5,334375000	0,000000000	-5,334375000	0,000000000	0,000001669
4,702500000	-5,304687500	0,000000000	-5,305625000	0,000000000	0,000001692
4,732250000	-5,275000000	0,000000000	-5,274375000	0,000000000	0,000001689
4,761750000	-5,245937500	0,000000000	-5,245312500	0,000000000	0,000001529
4,792250000	-5,215312500	0,000000000	-5,214062500	0,000000000	0,000001601
4,822000000	-5,184687500	0,000000000	-5,184687500	0,000000000	0,000001601
4,852000000	-5,153750000	0,000000000	-5,154062500	0,000000000	0,000001689
4,882000000	-5,125000000	0,000000000	-5,125000000	0,000000000	0,000001726
4,912250000	-5,095000000	0,000000000	-5,095000000	0,000000000	0,000001726
4,942500000	-5,065312500	0,000000000	-5,065000000	0,000000000	0,000001749
4,972250000	-5,034687500	0,000000000	-5,034687500	0,000000000	0,000001805
5,002500000	-5,004375000	0,000000000	-5,005625000	0,000000000	0,000001593
5,032500000	-4,974687500	0,000000000	-4,974375000	0,000000000	0,000001593
5,062250000	-4,945625000	0,000000000	-4,945000000	0,000000000	0,000001315
5,092000000	-4,915937500	0,000000000	-4,914375000	0,000000000	0,000001315
5,122500000	-4,884375000	0,000000000	-4,884375000	0,000000000	0,000001470
5,152250000	-4,854687500	0,000000000	-4,854687500	0,000000000	0,000001387
5,182250000	-4,825312500	0,000000000	-4,825000000	0,000000000	0,000001320
5,212250000	-4,795625000	0,000000000	-4,794375000	0,000000000	0,000001267
5,242000000	-4,765000000	0,000000000	-4,765000000	0,000000000	0,000001292
5,272000000	-4,734375000	0,000000000	-4,735000000	0,000000000	0,000001293
5,302500000	-4,704062500	0,000000000	-4,704375000	0,000000000	0,000001231
5,332250000	-4,675000000	0,000000000	-4,674687500	0,000000000	0,000001231
5,362000000	-4,644375000	0,000000000	-4,644375000	0,000000000	0,000001074
5,392250000	-4,615000000	0,000000000	-4,614062500	0,000000000	0,000001079
5,422500000	-4,584062500	0,000000000	-4,585000000	0,000000000	0,000001079
5,452250000	-4,554062500	0,000000000	-4,555000000	0,000000000	0,000001151
5,482000000	-4,525625000	0,000000000	-4,525000000	0,000000000	0,000001184
5,512250000	-4,495000000	0,000000000	-4,494687500	0,000000000	0,000001184
5,542250000	-4,464687500	0,000000000	-4,463750000	0,000000000	0,000001184
5,572000000	-4,434375000	0,000000000	-4,434687500	0,000000000	0,000001062
5,602250000	-4,404062500	0,000000000	-4,405000000	0,000000000	0,000000957
5,631750000	-4,375000000	0,000000000	-4,375000000	0,000000000	0,000000957
5,661750000	-4,345625000	0,000000000	-4,344375000	0,000000000	0,000000848
5,691750000	-4,315937500	0,000000000	-4,315000000	0,000000000	0,000000824
5,722250000	-4,284375000	0,000000000	-4,284687500	0,000000000	0,000000824
5,752250000	-4,254687500	0,000000000	-4,254687500	0,000000000	0,000000909
5,782250000	-4,225000000	0,000000000	-4,225000000	0,000000000	0,000000915
5,812250000	-4,195000000	0,000000000	-4,193750000	0,000000000	0,000000915
5,841750000	-4,165000000	0,000000000	-4,165312500	0,000000000	0,000000915
5,872500000	-4,134687500	0,000000000	-4,135000000	0,000000000	0,000000912
5,902000000	-4,104687500	0,000000000	-4,105312500	0,000000000	0,000000912
5,932000000	-4,074687500	0,000000000	-4,074687500	0,000000000	0,000000912
5,962000000	-4,045625000	0,000000000	-4,044375000	0,000000000	0,000000722
5,992250000	-4,015312500	0,000000000	-4,014687500	0,000000000	0,000000725
6,022250000	-3,984062500	0,000000000	-3,984375000	0,000000000	0,000000595
6,052500000	-3,954375000	0,000000000	-3,955312500	0,000000000	0,000000595
6,082500000	-3,925312500	0,000000000	-3,925312500	0,000000000	0,000000645
6,112250000	-3,895625000	0,000000000	-3,894375000	0,000000000	0,000000708
6,141750000	-3,865312500	0,000000000	-3,864375000	0,000000000	0,000000708
6,172500000	-3,834062500	0,000000000	-3,834375000	0,000000000	0,000000578
6,202500000	-3,804375000	0,000000000	-3,804687500	0,000000000	0,000000471
6,232000000	-3,775312500	0,000000000	-3,775312500	0,000000000	0,000000471
6,262500000	-3,745625000	0,000000000	-3,744687500	0,000000000	0,000000471
6,292500000	-3,715000000	0,000000000	-3,713437500	0,000000000	0,000000481
6,321750000	-3,683437500	0,000000000	-3,684375000	0,000000000	0,000000481
6,352250000	-3,654375000	0,000000000	-3,654687500	0,000000000	0,000000481
6,382000000	-3,624687500	0,000000000	-3,625000000	0,000000000	0,000000295
6,412250000	-3,595625000	0,000000000	-3,595000000	0,000000000	0,000000332
6,442250000	-3,565000000	0,000000000	-3,564687500	0,000000000	0,000000332
6,472000000	-3,534375000	0,000000000	-3,534687500	0,000000000	0,000000397
6,502000000	-3,504687500	0,000000000	-3,504687500	0,000000000	0,000000439
6,532000000	-3,475000000	0,000000000	-3,475000000	0,000000000	0,000000439
6,562250000	-3,445312500	0,000000000	-3,444375000	0,000000000	0,000000501
6,592000000	-3,414375000	0,000000000	-3,414375000	0,000000000	0,000000465
6,622250000	-3,384062500	0,000000000	-3,384062500	0,000000000	0,000000400
6,652500000	-3,354687500	0,000000000	-3,354687500	0,000000000	0,000000400
6,682250000	-3,325000000	0,000000000	-3,325312500	0,000000000	0,000000160
6,712000000	-3,295000000	0,000000000	-3,294687500	0,000000000	0,000000086
6,742000000	-3,265312500	0,000000000	-3,265000000	0,000000000	0,000000086
6,772000000	-3,234375000	0,000000000	-3,234375000	0,000000000	0,000000086
6,802000000	-3,205000000	0,000000000	-3,205312500	0,000000000	0,000000107
6,831750000	-3,175625000	0,000000000	-3,175625000	0,000000000	0,000000131
6,862000000	-3,145625000	0,000000000	-3,145312500	0,000000000	0,000000131
6,892000000	-3,114375000	0,000000000	-3,113750000	0,000000000	0,000000184
6,922000000	-3,085000000	0,000000000	-3,084687500	0,000000000	0,000000206
6,952000000	-3,055000000	0,000000000	-3,055000000	0,000000000	0,000000206
6,982000000	-3,025312500	0,000000000	-3,024375000	0,000000000	0,000000175
7,012000000	-2,995312500	0,000000000	-2,994687500	0,000000000	0,000000081
7,041750000	-2,965937500	0,000000000	-2,965000000	0,000000000	0,000000081
7,072000000	-2,934687500	0,000000000	-2,934687500	0,000000000	0,000000081
7,102250000	-2,904687500	0,000000000	-2,905000000	0,000000000	0,000000054
7,131750000	-2,875937500	0,000000000	-2,875312500	0,000000000	0,000000054
7,162250000	-2,845625000	0,000000000	-2,845000000	0,000000000	0,000000054
7,192250000	-2,815312500	0,000000000	-2,813750000	0,000000000	-0,000000048
7,222500000	-2,785000000	0,000000000	-2,784687500	0,000000000	-0,000000087
7,252000000	-2,755000000	0,000000000	-2,755000000	0,000000000	-0,000000087
7,282000000	-2,725312500	0,000000000	-2,725312500	0,000000000	-0,000000087
7,312000000	-2,695000000	0,000000000	-2,694375000	0,000000000	-0,000000132
7,342250000	-2,665000000	0,000000000	-2,664062500	0,000000000	-0,000000132
7,372250000	-2,634687500	0,000000000	-2,634062500	0,000000000	-0,000000132
7,402000000	-2,605000000	0,000000000	-2,605000000	0,000000000	-0,000000167
7,432250000	-2,575312500	0,000000000	-2,575000000	0,000000000	-0,000000052
7,462500000	-2,545625000	0,000000000	-2,545000000	0,000000000	-0,000000052
7,492000000	-2,515312500	0,000000000	-2,513750000	0,000000000	0,000000073
7,522250000	-2,484062500	0,000000000	-2,484062500	0,000000000	-0,000000115
7,552000000	-2,455000000	0,000000000	-2,455000000	0,000000000	-0,000000115
7,582000000	-2,425625000	0,000000000	-2,425000000	0,000000000	-0,000000115
7,612500000	-2,394687500	0,000000000	-2,394687500	0,000000000	-0,000000334
7,641750000	-2,365312500	0,000000000	-2,364687500	0,000000000	-0,000000243
7,672000000	-2,335000000	0,000000000	-2,334375000	0,000000000	-0,000000243
7,702000000	-2,304687500	0,000000000	-2,305000000	0,000000000	-0,000000246
7,732250000	-2,275000000	0,000000000	-2,274375000	0,000000000	-0,000000250
7,762000000	-2,245312500	0,000000000	-2,244375000	0,000000000	-0,000000250
7,792000000	-2,215312500	0,000000000	-2,214062500	0,000000000	-0,000000136
7,822000000	-2,184375000	0,000000000	-2,184375000	0,000000000	-0,000000313
7,852000000	-2,154375000	0,000000000	-2,154687500	0,000000000	-0,000000313
7,882000000	-2,125312500	0,000000000	-2,125312500	0,000000000	-0,000000313
7,912250000	-2,095312500	0,000000000	-2,094687500	0,000000000	-0,000000340
7,941750000	-2,065000000	0,000000000	-2,064375000	0,000000000	-0,000000285
7,972000000	-2,034375000	0,000000000	-2,034375000	0,000000000	-0,000000285
8,002250000	-2,005000000	0,000000000	-2,004687500	0,000000000	-0,000000285
8,032250000	-1,975312500	0,000000000	-1,975000000	0,000000000	-0,000000447
8,062000000	-1,945312500	0,000000000	-1,944687500	0,000000000	-0,000000447
8,092000000	-1,914687500	0,000000000	-1,914062500	0,000000000	-0,000000447
8,122000000	-1,884375000	0,000000000	-1,883750000	0,000000000	-0,000000400
8,152000000	-1,855312500	0,000000000	-1,854687500	0,000000000	-0,000000419
8,182000000	-1,825937500	0,000000000	-1,825937500	0,000000000	-0,000000419
8,212000000	-1,795000000	0,000000000	-1,794375000	0,000000000	-0,000000318
8,242000000	-1,765000000	0,000000000	-1,764687500	0,000000000	-0,000000311
8,272250000	-1,735000000	0,000000000	-1,734375000	0,000000000	-0,000000311
8,302000000	-1,704375000	0,000000000	-1,705000000	0,000000000	-0,000000282
8,331750000	-1,675312500	0,000000000	-1,675000000	0,000000000	-0,000000459
8,361750000	-1,644687500	0,000000000	-1,643750000	0,000000000	-0,000000459
8,392250000	-1,615000000	0,000000000	-1,614375000	0,000000000	-0,000000459
8,422000000	-1,583750000	0,000000000	-1,584062500	0,000000000	-0,000000492
8,452000000	-1,554687500	0,000000000	-1,554375000	0,000000000	-0,000000443
8,482000000	-1,525312500	0,000000000	-1,525312500	0,000000000	-0,000000443
8,512500000	-1,495625000	0,000000000	-1,494375000	0,000000000	-0,000000480
8,542250000	-1,465000000	0,000000000	-1,463750000	0,000000000	-0,000000605
8,572250000	-1,434375000	0,000000000	-1,434062500	0,000000000	-0,000000605
8,602250000	-1,404687500	0,000000000	-1,405000000	0,000000000	-0,000000605
8,631750000	-1,375000000	0,000000000	-1,375312500	0,000000000	-0,000000491
8,662750000	-1,345625000	0,000000000	-1,345000000	0,000000000	-0,000000447
8,692500000	-1,315312500	0,000000000	-1,314687500	0,000000000	-0,000000447
8,722000000	-1,283750000	0,000000000	-1,283750000	0,000000000	-0,000000664
8,751750000	-1,254687500	0,000000000	-1,255000000	0,000000000	-0,000000670
8,781750000	-1,225937500	0,000000000	-1,225937500	0,000000000	-0,000000670
8,812000000	-1,195625000	0,000000000	-1,195312500	0,000000000	-0,000000670
8,842250000	-1,165312500	0,000000000	-1,164062500	0,000000000	-0,000000605
8,872000000	-1,134687500	0,000000000	-1,134375000	0,000000000	-0,000000605
8,902250000	-1,105000000	0,000000000	-1,105000000	0,000000000	-0,000000519
8,932000000	-1,074687500	0,000000000	-1,074687500	0,000000000	-0,000000502
8,962000000	-1,045312500	0,000000000	-1,044687500	0,000000000	-0,000000502
8,992000000	-1,014687500	0,000000000	-1,014375000	0,000000000	-0,000000484
9,022500000	-0,984375000	0,000000000	-0,984375000	0,000000000	-0,000000641
9,052250000	-0,955000000	0,000000000	-0,955000000	0,000000000	-0,000000550
9,082250000	-0,925312500	0,000000000	-0,925312500	0,000000000	-0,000000606
9,112250000	-0,894687500	0,000000000	-0,894062500	0,000000000	-0,000000667
9,142250000	-0,865000000	0,000000000	-0,864375000	0,000000000	-0,000000733
9,172000000	-0,834375000	0,000000000	-0,833750000	0,000000000	-0,000000710
9,202250000	-0,804375000	0,000000000	-0,804375000	0,000000000	-0,000000686
9,232250000	-0,775000000	0,000000000	-0,774687500	0,000000000	-0,000000828
9,262000000	-0,745000000	0,000000000	-0,744062500	0,000000000	-0,000000692
9,291750000	-0,715625000	0,000000000	-0,714687500	0,000000000	-0,000000692
9,322000000	-0,684062500	0,000000000	-0,684375000	0,000000000	-0,000000445
9,352250000	-0,654062500	0,000000000	-0,654375000	0,000000000	-0,000000515
9,382250000	-0,625312500	0,000000000	-0,625000000	0,000000000	-0,000000408
9,412000000	-0,594375000	0,000000000	-0,594687500	0,000000000	-0,000000522
9,442250000	-0,565312500	0,000000000	-0,564375000	0,000000000	-0,000000576
9,472250000	-0,534062500	0,000000000	-0,534375000	0,000000000	-0,000000532
9,501750000	-0,504375000	0,000000000	-0,504375000	0,000000000	-0,000000693
9,532250000	-0,474687500	0,000000000	-0,474687500	0,000000000	-0,000000634
9,562250000	-0,445000000	0,000000000	-0,444375000	0,000000000	-0,000000821
9,592000000	-0,415312500	0,000000000	-0,414687500	0,000000000	-0,000000757
9,622250000	-0,383750000	0,000000000	-0,384375000	0,000000000	-0,000000790
9,652500000	-0,353750000	0,000000000	-0,354687500	0,000000000	-0,000000590
9,682000000	-0,324687500	0,000000000	-0,324375000	0,000000000	-0,000000590
9,712250000	-0,295312500	0,000000000	-0,294062500	0,000000000	-0,000000638
9,741750000	-0,265312500	0,000000000	-0,264375000	0,000000000	-0,000000862
9,772000000	-0,234375000	0,000000000	-0,234375000	0,000000000	-0,000000862
9,802250000	-0,204062500	0,000000000	-0,204687500	0,000000000	-0,000000840
9,832000000	-0,174375000	0,000000000	-0,174687500	0,000000000	-0,000000536
9,862250000	-0,145000000	0,000000000	-0,143750000	0,000000000	-0,000000536
9,892000000	-0,115312500	0,000000000	-0,114062500	0,000000000	-0,000000551
9,921750000	-0,084375000	0,000000000	-0,084375000	0,000000000	-0,000000660
9,952000000	-0,053750000	0,000000000	-0,054375000	0,000000000	-0,000000811
9,982250000	-0,024687500	0,000000000	-0,025000000	0,000000000	-0,000000902
10,012000000	0,005625000	0,000000000	0,005625000	0,000000000	-0,000000801
10,042000000	0,034375000	0,000000000	0,035312500	0,000000000	-0,000000690
10,072000000	0,065625000	0,000000000	0,065625000	0,000000000	-0,000000711
10,102500000	0,095937500	0,000000000	0,094687500	0,000000000	-0,000000547
10,132500000	0,125312500	0,000000000	0,125312500	0,000000000	-0,000000570
10,162250000	0,155625000	0,000000000	0,155937500	0,000000000	-0,000000620
10,192250000	0,185312500	0,000000000	0,185937500	0,000000000	-0,000000620
10,221750000	0,215625000	0,000000000	0,215625000	0,000000000	-0,000000703
10,252250000	0,245937500	0,000000000	0,245625000	0,000000000	-0,000000668
10,282000000	0,275625000	0,000000000	0,275000000	0,000000000	-0,000000731
10,311750000	0,305312500	0,000000000	0,305312500	0,000000000	-0,000000735
10,341750000	0,334062500	0,000000000	0,334687500	0,000000000	-0,000000725
10,372250000	0,365625000	0,000000000	0,365312500	0,000000000	-0,000000726
10,402250000	0,395937500	0,000000000	0,395625000	0,000000000	-0,000000777
10,432500000	0,425312500	0,000000000	0,425625000	0,000000000	-0,000000810
10,462000000	0,455000000	0,000000000	0,455937500	0,000000000	-0,000000753
10,491750000	0,484687500	0,000000000	0,485312500	0,000000000	-0,000000753
10,522000000	0,516250000	0,000000000	0,515312500	0,000000000	-0,000000696
10,551750000	0,545937500	0,000000000	0,544687500	0,000000000	-0,000000658
10,582500000	0,575625000	0,000000000	0,575625000	0,000000000	-0,000000658
10,612250000	0,605937500	0,000000000	0,605937500	0,000000000	-0,000000797
10,642500000	0,635937500	0,000000000	0,636562500	0,000000000	-0,000000867
10,672250000	0,665937500	0,000000000	0,665312500	0,000000000	-0,000000869
10,702000000	0,695937500	0,000000000	0,695312500	0,000000000	-0,000000668
10,731750000	0,725312500	0,000000000	0,725937500	0,000000000	-0,000000537
10,762000000	0,755625000	0,000000000	0,756250000	0,000000000	-0,000000610
10,792500000	0,784375000	0,000000000	0,785625000	0,000000000	-0,000000587
10,822000000	0,815937500	0,000000000	0,815937500	0,000000000	-0,000000691
10,852250000	0,845625000	0,000000000	0,844687500	0,000000000	-0,000000739
10,882250000	0,874687500	0,000000000	0,875312500	0,000000000	-0,000000655
10,912250000	0,905312500	0,000000000	0,905937500	0,000000000	-0,000000655
10,942000000	0,934687500	0,000000000	0,935625000	0,000000000	-0,000000583
10,972250000	0,966250000	0,000000000	0,966250000	0,000000000	-0,000000590
11,002250000	0,995625000	0,000000000	0,995312500	0,000000000	-0,000000590
11,032000000	1,025625000	0,000000000	1,025312500	0,000000000	-0,000000648
11,062000000	1,054687500	0,000000000	1,055937500	0,000000000	-0,000000704
11,092500000	1,085625000	0,000000000	1,085625000	0,000000000	-0,000000642
11,122250000	1,115937500	0,000000000	1,115625000	0,000000000	-0,000000587
11,152250000	1,145937500	0,000000000	1,145000000	0,000000000	-0,000000573
11,182000000	1,175625000	0,000000000	1,175000000	0,000000000	-0,000000631
11,211750000	1,205000000	0,000000000	1,205625000	0,000000000	-0,000000696
11,242250000	1,235000000	0,000000000	1,236250000	0,000000000	-0,000000657
11,271750000	1,265625000	0,000000000	1,265625000	0,000000000	-0,000000596
11,302500000	1,295937500	0,000000000	1,295000000	0,000000000	-0,000000536
11,332250000	1,325625000	0,000000000	1,325937500	0,000000000	-0,000000511
11,362250000	1,355312500	0,000000000	1,355625000	0,000000000	-0,000000469
11,392250000	1,384375000	0,000000000	1,385312500	0,000000000	-0,000000534
11,422250000	1,415625000	0,000000000	1,415625000	0,000000000	-0,000000576
11,452250000	1,445937500	0,000000000	1,444687500	0,000000000	-0,000000609
11,481750000	1,475312500	0,000000000	1,475625000	0,000000000	-0,000000566
11,511750000	1,504687500	0,000000000	1,504687500	0,000000000	-0,000000548
11,542250000	1,535312500	0,000000000	1,535937500	0,000000000	-0,000000460
11,572000000	1,566250000	0,000000000	1,565625000	0,000000000	-0,000000426
11,602250000	1,595625000	0,000000000	1,595000000	0,000000000	-0,000000537
11,632250000	1,625312500	0,000000000	1,625000000	0,000000000	-0,000000543
11,662250000	1,654375000	0,000000000	1,655625000	0,000000000	-0,000000644
11,692000000	1,685000000	0,000000000	1,685937500	0,000000000	-0,000000549
11,721750000	1,715625000	0,000000000	1,715937500	0,000000000	-0,000000549
11,751750000	1,745625000	0,000000000	1,745625000	0,000000000	-0,000000644
11,782000000	1,775000000	0,000000000	1,775000000	0,000000000	-0,000000469
11,812000000	1,804687500	0,000000000	1,805000000	0,000000000	-0,000000469
11,842000000	1,835625000	0,000000000	1,835625000	0,000000000	-0,000000349
11,871750000	1,865625000	0,000000000	1,866250000	0,000000000	-0,000000344
11,902750000	1,895937500	0,000000000	1,895312500	0,000000000	-0,000000323
11,932000000	1,925312500	0,000000000	1,925312500	0,000000000	-0,000000313
11,961750000	1,955000000	0,000000000	1,955312500	0,000000000	-0,000000227
11,992250000	1,985000000	0,000000000	1,986250000	0,000000000	-0,000000303
12,022500000	2,016250000	0,000000000	2,015937500	0,000000000	-0,000000303
12,052250000	2,045312500	0,000000000	2,045312500	0,000000000	-0,000000289
12,082000000	2,074375000	0,000000000	2,075625000	0,000000000	-0,000000331
12,112500000	2,104687500	0,000000000	2,105625000	0,000000000	-0,000000264
12,142000000	2,135000000	0,000000000	2,135000000	0,000000000	-0,000000264
12,172250000	2,165625000	0,000000000	2,165312500	0,000000000	-0,000000301
12,202000000	2,195625000	0,000000000	2,195312500	0,000000000	-0,000000075
12,232000000	2,225000000	0,000000000	2,224687500	0,000000000	-0,000000075
12,261750000	2,255312500	0,000000000	2,255312500	0,000000000	0,000000001
12,291750000	2,284375000	0,000000000	2,286250000	0,000000000	-0,000000126
12,322000000	2,316562500	0,000000000	2,316562500	0,000000000	-0,000000126
12,352000000	2,345312500	0,000000000	2,345312500	0,000000000	-0,000000162
12,382250000	2,374375000	0,000000000	2,375000000	0,000000000	-0,000000114
12,412250000	2,405312500	0,000000000	2,405625000	0,000000000	-0,000000063
12,442000000	2,434687500	0,000000000	2,435625000	0,000000000	-0,000000043
12,472250000	2,465937500	0,000000000	2,466250000	0,000000000	-0,000000095
12,501750000	2,495312500	0,000000000	2,495937500	0,000000000	-0,000000147
12,532000000	2,524687500	0,000000000	2,524375000	0,000000000	-0,000000147
12,562250000	2,555000000	0,000000000	2,555312500	0,000000000	-0,000000252
12,592500000	2,584687500	0,000000000	2,585937500	0,000000000	-0,000000162
12,622500000	2,615937500	0,000000000	2,616250000	0,000000000	-0,000000050
12,651750000	2,645312500	0,000000000	2,645312500	0,000000000	0,000000151
12,682000000	2,675312500	0,000000000	2,675000000	0,000000000	0,000000190
12,712500000	2,705625000	0,000000000	2,706250000	0,000000000	0,000000123
12,742000000	2,735312500	0,000000000	2,735937500	0,000000000	0,000000123
12,772250000	2,765937500	0,000000000	2,766250000	0,000000000	-0,000000083
12,802000000	2,795312500	0,000000000	2,795312500	0,000000000	-0,000000029
12,832250000	2,824687500	0,000000000	2,825312500	0,000000000	-0,000000004
12,861750000	2,855000000	0,000000000	2,855625000	0,000000000	0,000000247
12,892500000	2,884687500	0,000000000	2,885625000	0,000000000	0,000000248
12,922250000	2,915312500	0,000000000	2,915937500	0,000000000	0,000000197
12,952000000	2,945312500	0,000000000	2,945937500	0,000000000	0,000000197
12,981750000	2,975000000	0,000000000	2,975937500	0,000000000	-0,000000043
13,012000000	3,004687500	0,000000000	3,005000000	0,000000000	0,000000070
13,042500000	3,035000000	0,000000000	3,036250000	0,000000000	0,000000070
13,072250000	3,065625000	0,000000000	3,065937500	0,000000000	0,000000193
13,102500000	3,095625000	0,000000000	3,095000000	0,000000000	0,000000169
13,132250000	3,124687500	0,000000000	3,125000000	0,000000000	0,000000169
13,162000000	3,154687500	0,000000000	3,155625000	0,000000000	0,000000277
13,192250000	3,184687500	0,000000000	3,186250000	0,000000000	0,000000303
13,221750000	3,215937500	0,000000000	3,215937500	0,000000000	0,000000303
13,252500000	3,245625000	0,000000000	3,245625000	0,000000000	0,000000338
13,282250000	3,275312500	0,000000000	3,275625000	0,000000000	0,000000529
13,312500000	3,305000000	0,000000000	3,305937500	0,000000000	0,000000529
13,342250000	3,335625000	0,000000000	3,335625000	0,000000000	0,000000522
13,372250000	3,365625000	0,000000000	3,366250000	0,000000000	0,000000457
13,402000000	3,395312500	0,000000000	3,395000000	0,000000000	0,000000303
13,432500000	3,425625000	0,000000000	3,425937500	0,000000000	0,000000303
13,462250000	3,454687500	0,000000000	3,455625000	0,000000000	0,000000303
13,492000000	3,485312500	0,000000000	3,485625000	0,000000000	0,000000462
13,522000000	3,515312500	0,000000000	3,515625000	0,000000000	0,000000729
13,552000000	3,545312500	0,000000000	3,545312500	0,000000000	0,000000729
13,582000000	3,575625000	0,000000000	3,575000000	0,000000000	0,000000776
13,612000000	3,604687500	0,000000000	3,605625000	0,000000000	0,000000594
13,642000000	3,635000000	0,000000000	3,635937500	0,000000000	0,000000594
13,672500000	3,666250000	0,000000000	3,665937500	0,000000000	0,000000591
13,702250000	3,695625000	0,000000000	3,695312500	0,000000000	0,000000720
13,732250000	3,725312500	0,000000000	3,725625000	0,000000000	0,000000720
13,762000000	3,755312500	0,000000000	3,755937500	0,000000000	0,000000720
13,792000000	3,785000000	0,000000000	3,786250000	0,000000000	0,000000949
13,822000000	3,815312500	0,000000000	3,816250000	0,000000000	0,000000857
13,852000000	3,846250000	0,000000000	3,845312500	0,000000000	0,000000857
13,882000000	3,874687500	0,000000000	3,875312500	0,000000000	0,000000790
13,912500000	3,905312500	0,000000000	3,906250000	0,000000000	0,000000850
13,942500000	3,935625000	0,000000000	3,935937500	0,000000000	0,000000850
13,972250000	3,965312500	0,000000000	3,965937500	0,000000000	0,000000893
14,002000000	3,995312500	0,000000000	3,995000000	0,000000000	0,000000972
14,031750000	4,024687500	0,000000000	4,025000000	0,000000000	0,000000972
14,062250000	4,055000000	0,000000000	4,055937500	0,000000000	0,000000972
14,092000000	4,084687500	0,000000000	4,085625000	0,000000000	0,000000857
14,122250000	4,115625000	0,000000000	4,115937500	0,000000000	0,000000764
14,152250000	4,145937500	0,000000000	4,145000000	0,000000000	0,000000764
14,182250000	4,174687500	0,000000000	4,174687500	0,000000000	0,000000800
14,212500000	4,205312500	0,000000000	4,205312500	0,000000000	0,000000957
14,242250000	4,235312500	0,000000000	4,236250000	0,000000000	0,000001081
14,272250000	4,266562500	0,000000000	4,266562500	0,000000000	0,000001081
14,302000000	4,295625000	0,000000000	4,295937500	0,000000000	0,000000965
14,332250000	4,325625000	0,000000000	4,324687500	0,000000000	0,000000974
14,362250000	4,355312500	0,000000000	4,355937500	0,000000000	0,000000974
14,392000000	4,385000000	0,000000000	4,385937500	0,000000000	0,000001095
14,422000000	4,416250000	0,000000000	4,415937500	0,000000000	0,000001276
14,452000000	4,445937500	0,000000000	4,445312500	0,000000000	0,000001276
14,482000000	4,475312500	0,000000000	4,474687500	0,000000000	0,000001276
14,511750000	4,504687500	0,000000000	4,505625000	0,000000000	0,000001422
14,541750000	4,534062500	0,000000000	4,535000000	0,000000000	0,000001422
14,572000000	4,566250000	0,000000000	4,565937500	0,000000000	0,000001422
14,602000000	4,595937500	0,000000000	4,595000000	0,000000000	0,000001530
14,631750000	4,625312500	0,000000000	4,624687500	0,000000000	0,000001429
14,662250000	4,655000000	0,000000000	4,655000000	0,000000000	0,000001429
14,692000000	4,684687500	0,000000000	4,686250000	0,000000000	0,000001495
14,722000000	4,715937500	0,000000000	4,715937500	0,000000000	0,000001442
14,752500000	4,746250000	0,000000000	4,745312500	0,000000000	0,000001442
14,782500000	4,775625000	0,000000000	4,775625000	0,000000000	0,000001442
14,812000000	4,805000000	0,000000000	4,805937500	0,000000000	0,000001510
14,842000000	4,835000000	0,000000000	4,836250000	0,000000000	0,000001554
14,871750000	4,865937500	0,000000000	4,865625000	0,000000000	0,000001554
14,902250000	4,895937500	0,000000000	4,895000000	0,000000000	0,000001594
14,932000000	4,925625000	0,000000000	4,924687500	0,000000000	0,000001597
14,962250000	4,955000000	0,000000000	4,955312500	0,000000000	0,000001597
14,992250000	4,984687500	0,000000000	4,985000000	0,000000000	0,000001597
15,022000000	5,015625000	0,000000000	5,015625000	0,000000000	0,000001773
15,052000000	5,046250000	0,000000000	5,045625000	0,000000000	0,000001697
15,082000000	5,075312500	0,000000000	5,075625000	0,000000000	0,000001697
15,112000000	5,104687500	0,000000000	5,105000000	0,000000000	0,000001675
15,142000000	5,135000000	0,000000000	5,136250000	0,000000000	0,000001925
15,172000000	5,166250000	0,000000000	5,165937500	0,000000000	0,000001925
15,202250000	5,195937500	0,000000000	5,194687500	0,000000000	0,000001997
15,232000000	5,225937500	0,000000000	5,226250000	0,000000000	0,000001763
15,262000000	5,255625000	0,000000000	5,256250000	0,000000000	0,000001763
15,292250000	5,285937500	0,000000000	5,286250000	0,000000000	0,000001763
15,322250000	5,316250000	0,000000000	5,315937500	0,000000000	0,000002179
15,351750000	5,345937500	0,000000000	5,345625000	0,000000000	0,000002179
15,382250000	5,375625000	0,000000000	5,375937500	0,000000000	0,000002179
15,412250000	5,405312500	0,000000000	5,406250000	0,000000000	0,000002179
15,441750000	5,435000000	0,000000000	5,435937500	0,000000000	0,000002150
15,472500000	5,465312500	0,000000000	5,465000000	0,000000000	0,000002150
15,502500000	5,495937500	0,000000000	5,495000000	0,000000000	0,000002150
15,532250000	5,525312500	0,000000000	5,525937500	0,000000000	0,000002336
15,561750000	5,555312500	0,000000000	5,555937500	0,000000000	0,000002336
15,592500000	5,584375000	0,000000000	5,585312500	0,000000000	0,000002336
15,622750000	5,615000000	0,000000000	5,614687500	0,000000000	0,000002358
15,652750000	5,645625000	0,000000000	5,645000000	0,000000000	0,000002126
15,682250000	5,675000000	0,000000000	5,675625000	0,000000000	0,000002126
15,711750000	5,704375000	0,000000000	5,704687500	0,000000000	0,000002126
15,742250000	5,733750000	0,000000000	5,735625000	0,000000000	0,000002323
15,772000000	5,766250000	0,000000000	5,765937500	0,000000000	0,000002323
15,802000000	5,795625000	0,000000000	5,795312500	0,000000000	0,000002323
15,831750000	5,825000000	0,000000000	5,825625000	0,000000000	0,000002644
15,862250000	5,855312500	0,000000000	5,855625000	0,000000000	0,000002507
15,892250000	5,884375000	0,000000000	5,884687500	0,000000000	0,000002507
15,922250000	5,916250000	0,000000000	5,915625000	0,000000000	0,000002425
15,952000000	5,945937500	0,000000000	5,945625000	0,000000000	0,000002707
15,982000000	5,975312500	0,000000000	5,975000000	0,000000000	0,000002707
16,012250000	6,005000000	0,000000000	6,005312500	0,000000000	0,000002707
16,042250000	6,035312500	0,000000000	6,035937500	0,000000000	0,000002551
16,072750000	6,065625000	0,000000000	6,065625000	0,000000000	0,000002671
16,102250000	6,095937500	0,000000000	6,095000000	0,000000000	0,000002671
16,132000000	6,125000000	0,000000000	6,125000000	0,000000000	0,000002763
16,162000000	6,155000000	0,000000000	6,155000000	0,000000000	0,000003131
16,192250000	6,184687500	0,000000000	6,185312500	0,000000000	0,000003131
16,222250000	6,215625000	0,000000000	6,216250000	0,000000000	0,000003131
16,252250000	6,245312500	0,000000000	6,245937500	0,000000000	0,000002970
16,282250000	6,275000000	0,000000000	6,275937500	0,000000000	0,000002903
16,311750000	6,304687500	0,000000000	6,305312500	0,000000000	0,000002903
16,341750000	6,335312500	0,000000000	6,336250000	0,000000000	0,000003087
16,372000000	6,365937500	0,000000000	6,365312500	0,000000000	0,000003247
16,402250000	6,395625000	0,000000000	6,395625000	0,000000000	0,000003247
16,432000000	6,425000000	0,000000000	6,425937500	0,000000000	0,000003241
16,462000000	6,455312500	0,000000000	6,455937500	0,000000000	0,000003327
16,492000000	6,485000000	0,000000000	6,485625000	0,000000000	0,000003327
16,522000000	6,516250000	0,000000000	6,515937500	0,000000000	0,000003327
16,552500000	6,545625000	0,000000000	6,545000000	0,000000000	0,000003294
16,582000000	6,575000000	0,000000000	6,575625000	0,000000000	0,000003294
16,612250000	6,605312500	0,000000000	6,606562500	0,000000000	0,000003294
16,642500000	6,635000000	0,000000000	6,636250000	0,000000000	0,000003344
16,672500000	6,665937500	0,000000000	6,665625000	0,000000000	0,000003460
16,702000000	6,695625000	0,000000000	6,694687500	0,000000000	0,000003460
16,731750000	6,724687500	0,000000000	6,725000000	0,000000000	0,000003423
16,762250000	6,754687500	0,000000000	6,755312500	0,000000000	0,000003426
16,792250000	6,785000000	0,000000000	6,786250000	0,000000000	0,000003684
16,822250000	6,815937500	0,000000000	6,815937500	0,000000000	0,000003684
16,852250000	6,845312500	0,000000000	6,845000000	0,000000000	0,000003793
16,882250000	6,875625000	0,000000000	6,875937500	0,000000000	0,000003654
16,911750000	6,905000000	0,000000000	6,905312500	0,000000000	0,000003654
16,942250000	6,935625000	0,000000000	6,936250000	0,000000000	0,000003654
16,972000000	6,965312500	0,000000000	6,965937500	0,000000000	0,000003903
17,002250000	6,995625000	0,000000000	6,995000000	0,000000000	0,000003903
17,032500000	7,025625000	0,000000000	7,025625000	0,000000000	0,000003903
17,061750000	7,055000000	0,000000000	7,055625000	0,000000000	0,000004206
17,092250000	7,084687500	0,000000000	7,085625000	0,000000000	0,000004206
17,122250000	7,116562500	0,000000000	7,116250000	0,000000000	0,000004138
17,152250000	7,146250000	0,000000000	7,145625000	0,000000000	0,000004137
17,182000000	7,175312500	0,000000000	7,175312500	0,000000000	0,000004137
17,212000000	7,204687500	0,000000000	7,205625000	0,000000000	0,000004213
17,242250000	7,235312500	0,000000000	7,235625000	0,000000000	0,000004252
17,272250000	7,265625000	0,000000000	7,265937500	0,000000000	0,000004170
17,302250000	7,295312500	0,000000000	7,294687500	0,000000000	0,000004170
17,332250000	7,324375000	0,000000000	7,324062500	0,000000000	0,000004343
17,362000000	7,355312500	0,000000000	7,356250000	0,000000000	0,000004378
17,392500000	7,385000000	0,000000000	7,386562500	0,000000000	0,000004406
17,422250000	7,416250000	0,000000000	7,416250000	0,000000000	0,000004385
17,452250000	7,445312500	0,000000000	7,445312500	0,000000000	0,000004310
17,482250000	7,475312500	0,000000000	7,475312500	0,000000000	0,000004292
17,512250000	7,505625000	0,000000000	7,505625000	0,000000000	0,000004292
17,542000000	7,535625000	0,000000000	7,536250000	0,000000000	0,000004403
17,572000000	7,565312500	0,000000000	7,566250000	0,000000000	0,000004627
17,602000000	7,595625000	0,000000000	7,596250000	0,000000000	0,000004627
17,632000000	7,623125000	0,000000000	7,623125000	0,000000000	0,000004682
17,661750000	7,654687500	0,000000000	7,655625000	0,000000000	0,000004819
17,692250000	7,685000000	0,000000000	7,685937500	0,000000000	0,000004850
17,722250000	7,714375000	0,000000000	7,714375000	0,000000000	0,000004917
17,752250000	7,744687500	0,000000000	7,744375000	0,000000000	0,000005032
17,782250000	7,775000000	0,000000000	7,774687500	0,000000000	0,000005253
17,812500000	7,805312500	0,000000000	7,805937500	0,000000000	0,000005253
17,842000000	7,835312500	0,000000000	7,836250000	0,000000000	0,000005435
17,872250000	7,865937500	0,000000000	7,866250000	0,000000000	0,000005319
17,902000000	7,895312500	0,000000000	7,895937500	0,000000000	0,000005319
17,932500000	7,924687500	0,000000000	7,925000000	0,000000000	0,000005319
17,962250000	7,955000000	0,000000000	7,956250000	0,000000000	0,000005179
17,992500000	7,985937500	0,000000000	7,986250000	0,000000000	0,000005200
